email_key,email
1,email_241
2,email_163
3,email_30
4,email_164
5,email_56
6,email_32
7,email_24
8,email_161
9,email_63
10,email_350
11,email_237
12,email_15
13,email_240
14,email_39
15,email_22
16,email_18
17,email_236
18,email_17
19,email_157
20,email_355
21,email_26
22,email_160
23,email_449
24,email_5
25,email_20
26,email_58
27,email_29
28,email_2
29,email_57
30,email_55
31,email_158
32,email_16
33,email_10
34,email_21
35,email_3
36,email_6
37,email_52
38,email_413
39,email_403
40,email_422
41,email_718
42,email_197
43,email_402
44,email_492
45,email_412
46,n/a
